{
  "bias": 0.03753436776955696,
  "speech_rate": 0.1217196216426255,
  "pause_ratio": 0.10249470505645832,
  "lip_sync": -0.4952733673236822,
  "gesture_score": -0.4845825890144214,
  "blink_rate": -0.06246563223044304,
  "headpose_jerk": 0.1064400304184737,
  "texture": 0.5260609557121291,
  "claim_reliability": -0.4913375058310768,
  "evidence_reliability": -0.4913375058310768
}