{
  "bias": 0.15369910239527854,
  "speech_rate": 0.14510330428818433,
  "pause_ratio": 0.12172532487560209,
  "lip_sync": -0.46093788700450694,
  "gesture_score": -0.33046861532340177,
  "blink_rate": 0.16350326432489687,
  "headpose_jerk": 0.08371659833623925,
  "texture": 0.8176616477590561,
  "claim_reliability": -0.44128385233324197,
  "evidence_reliability": -0.44128385233324197
}