{
  "speech_rate": 0.6036217303822937,
  "pause_ratio": 0.0,
  "lip_sync": 0.2977711379528046,
  "gesture_score": 0.9818181818181818,
  "blink_rate": 0.30181086519114686,
  "headpose_jerk": 0.34262216337581086,
  "texture": 0.0,
  "claim_reliability": 0.685,
  "evidence_reliability": 0.6849999999999999
}