{
  "speech_rate": 0.7151007987828072,
  "pause_ratio": 0.0007607455306199914,
  "lip_sync": 0.3182647153735161,
  "gesture_score": 0.8222222222222222,
  "blink_rate": 1.0,
  "headpose_jerk": 0.1521670928383962,
  "texture": 0.525,
  "claim_reliability": 0.5277777777777778,
  "evidence_reliability": 0.5277777777777778
}